Iter	RQ1	ASQ1	SHSQ1	RQ15	ASQ15	SHSQ15	RS	ASS	SHSS
100	0,00883333	0,00703333	0,00606667	0,0082	0,00503333	0,0045	0,0107	0,00596667	0,0053
200	0,0189667	0,0144667	0,0139	0,0177667	0,0094	0,0119667	0,0227333	0,0145667	0,0139667
300	0,0303333	0,0208333	0,0220667	0,0286667	0,0150333	0,0206333	0,038	0,0204667	0,0238667
400	0,0416	0,0282	0,0309	0,0381333	0,0200333	0,0281667	0,0546667	0,0298	0,0355
500	0,0547667	0,0356333	0,0418667	0,0504333	0,0271	0,0379667	0,0696667	0,0352333	0,0464667
600	0,0663667	0,0435333	0,0485667	0,0619667	0,0324	0,0475667	0,0849	0,0463667	0,0578
700	0,0796667	0,0490333	0,0588	0,073	0,0380667	0,0528	0,100833	0,0552333	0,0693333
800	0,0916333	0,057	0,0696333	0,0852667	0,0432	0,0621667	0,118633	0,0613	0,0787333
900	0,1083	0,0658	0,0761333	0,0994333	0,0478333	0,0712667	0,1336	0,0693667	0,0901333
1000	0,1223	0,0726333	0,088	0,108967	0,0546667	0,0779667	0,1571	0,076	0,102167
1100	0,132633	0,0833667	0,0994667	0,126967	0,0612333	0,0896333	0,167033	0,0917667	0,115667
1200	0,1438	0,0881333	0,105367	0,1362	0,0652	0,0972667	0,186233	0,0959333	0,122167
1300	0,158433	0,0934	0,131133	0,154567	0,0691333	0,104567	0,204367	0,115033	0,1382
1400	0,176	0,103433	0,1243	0,1603	0,0748667	0,116467	0,218733	0,107067	0,1534
1500	0,190833	0,113433	0,1369	0,171467	0,0802	0,119933	0,228367	0,131767	0,157867
1600	0,1941	0,114367	0,1419	0,181933	0,0959	0,1224	0,250667	0,130433	0,168467
1700	0,209133	0,1259	0,150467	0,1955	0,0942	0,137667	0,2687	0,1335	0,1844
1800	0,221933	0,134167	0,160733	0,2078	0,0979333	0,143867	0,284267	0,1523	0,1971
1900	0,2362	0,138	0,165967	0,2219	0,102033	0,154733	0,298533	0,1566	0,206167
2000	0,251467	0,1449	0,182933	0,233167	0,1098	0,159333	0,320567	0,1565	0,218833
2100	0,265067	0,154633	0,187733	0,244133	0,1211	0,167333	0,342967	0,163367	0,2342
2200	0,280533	0,161333	0,200467	0,256867	0,1243	0,175	0,3635	0,1845	0,244033
2300	0,295933	0,171233	0,206867	0,276767	0,128733	0,183833	0,371167	0,182167	0,248967
2400	0,2978	0,1742	0,217167	0,277067	0,132633	0,189333	0,3882	0,194333	0,265067
2500	0,311233	0,181733	0,223	0,291767	0,137067	0,1969	0,401	0,200433	0,279
2600	0,330533	0,191067	0,245333	0,312333	0,152133	0,2147	0,437167	0,226267	0,289333
2700	0,349567	0,1994	0,246833	0,324367	0,153733	0,221167	0,4481	0,249233	0,310733
2800	0,373367	0,209133	0,260367	0,339467	0,1579	0,232667	0,479567	0,2546	0,320367
2900	0,374867	0,218233	0,271967	0,350233	0,163867	0,239833	0,4897	0,2489	0,329333
3000	0,3951	0,228367	0,286967	0,3681	0,172133	0,256067	0,510833	0,2732	0,3478
3100	0,406167	0,236233	0,297933	0,377533	0,1753	0,2585	0,531667	0,278033	0,362067
3200	0,4214	0,2396	0,296067	0,397967	0,186933	0,2645	0,538733	0,278633	0,3723
3300	0,4367	0,2418	0,3066	0,410833	0,188867	0,273733	0,565867	0,271633	0,386333
3400	0,4506	0,254333	0,316933	0,4243	0,194233	0,281033	0,5716	0,3283	0,3943
3500	0,463433	0,264467	0,332	0,433867	0,202167	0,306133	0,596833	0,299533	0,4083
3600	0,4867	0,2706	0,336767	0,456533	0,215533	0,300833	0,620567	0,341	0,425967
3700	0,4953	0,271	0,341633	0,458633	0,2088	0,3035	0,6424	0,320367	0,425533
3800	0,494333	0,283933	0,3592	0,477233	0,2143	0,317633	0,651167	0,341933	0,451367
3900	0,528667	0,289433	0,374667	0,4942	0,227233	0,329767	0,670433	0,340767	0,4637
4000	0,5392	0,309067	0,386233	0,506567	0,231167	0,344533	0,6967	0,388933	0,4809
4100	0,555933	0,308967	0,385567	0,511067	0,235167	0,339233	0,712633	0,3498	0,491167
4200	0,557267	0,3165	0,391667	0,5224	0,241533	0,343433	0,720633	0,366533	0,491033
4300	0,573933	0,320833	0,407667	0,533933	0,2502	0,358433	0,742333	0,377867	0,5041
4400	0,590333	0,3402	0,420267	0,544867	0,2553	0,3699	0,758967	0,373867	0,519533
4500	0,6071	0,335733	0,422967	0,5658	0,2543	0,371533	0,777767	0,406433	0,536433
4600	0,6126	0,345333	0,439567	0,582467	0,264567	0,3827	0,802167	0,4166	0,5468
4700	0,6262	0,357033	0,4415	0,588933	0,273767	0,391133	0,8162	0,459233	0,558567
4800	0,642967	0,362567	0,4475	0,601767	0,280767	0,396433	0,841333	0,454867	0,5718
4900	0,6525	0,364167	0,468367	0,613733	0,281033	0,4053	0,862367	0,447467	0,580133
5000	0,673333	0,3717	0,470833	0,630433	0,2992	0,420133	0,874133	0,479867	0,6039
5100	0,6834	0,3889	0,497	0,6451	0,303967	0,434833	0,889367	0,4347	0,6167
5200	0,702467	0,3941	0,512567	0,697367	0,319733	0,439633	0,9398	0,483433	0,631467
5300	0,720133	0,397867	0,5028	0,683467	0,3067	0,446133	0,933167	0,502333	0,632767
5400	0,7265	0,4044	0,516367	0,6953	0,308533	0,4585	0,963333	0,4833	0,6552
5500	0,7449	0,4177	0,542233	0,703333	0,330433	0,4689	0,980833	0,4922	0,673633
5600	0,7631	0,424067	0,542067	0,7133	0,334633	0,488067	0,991967	0,5874	0,677
5700	0,786067	0,443933	0,547867	0,729433	0,3346	0,487667	1,02627	0,546367	0,7019
5800	0,787467	0,432033	0,557667	0,741767	0,338267	0,494733	1,05563	0,538033	0,716
5900	0,806667	0,447333	0,569033	0,7558	0,344367	0,499633	1,05697	0,5456	0,733633
6000	0,8165	0,464767	0,593733	0,775633	0,353533	0,5112	1,0815	0,530967	0,746933
6100	0,836067	0,472633	0,596333	0,7984	0,3732	0,5165	1,0941	0,551233	0,764933
6200	0,865433	0,478867	0,608067	0,8021	0,374533	0,523267	1,1142	0,577967	0,767467
6300	0,869	0,4784	0,598467	0,8205	0,3691	0,535567	1,13647	0,575933	0,782167
6400	0,885467	0,490167	0,619133	0,830333	0,382867	0,545733	1,1568	0,6005	0,798033
6500	0,899	0,494833	0,633333	0,8544	0,3758	0,5586	1,1754	0,606567	0,8112
6600	0,9081	0,5085	0,644633	0,855767	0,3926	0,5608	1,19617	0,587867	0,8206
6700	0,9225	0,5052	0,641433	0,874633	0,403933	0,562933	1,23057	0,595833	0,8268
6800	0,938367	0,506167	0,66	0,8897	0,3953	0,584033	1,2358	0,638867	0,8591
6900	0,958767	0,5294	0,674533	0,902667	0,416067	0,5928	1,27097	0,658167	0,859433
7000	0,974267	0,537733	0,686833	0,9154	0,418333	0,5981	1,27393	0,688133	0,8876
7100	0,9885	0,5366	0,6974	0,933433	0,432267	0,605533	1,29387	0,665867	0,886433
7200	1,00173	0,5521	0,7048	0,9478	0,426267	0,626	1,31437	0,6132	0,905667
7300	1,03473	0,566467	0,7293	0,955833	0,433633	0,635767	1,34157	0,683367	0,916867
7400	1,03077	0,5857	0,7295	0,9759	0,445367	0,635867	1,35423	0,671567	0,9577
7500	1,05243	0,584767	0,727067	0,983633	0,444033	0,6428	1,37387	0,781867	0,951767
7600	1,06427	0,5878	0,757467	1,0059	0,451867	0,659167	1,42913	0,699833	0,972133
7700	1,07687	0,5963	0,757267	1,019	0,4677	0,6752	1,4164	0,7041	0,9938
7800	1,09743	0,590333	0,768933	1,02687	0,4615	0,6813	1,45503	0,7483	1,00743
7900	1,11203	0,6108	0,763133	1,05173	0,494567	0,6796	1,45563	0,756067	1,0188
8000	1,12377	0,6126	0,7744	1,0553	0,497133	0,689367	1,47893	0,803633	1,02427
8100	1,13797	0,623333	0,799	1,069	0,477867	0,6894	1,4909	0,7253	1,03563
8200	1,15463	0,629533	0,819833	1,08993	0,481667	0,710833	1,52693	0,7724	1,0592
8300	1,1725	0,6365	0,804033	1,10547	0,496267	0,7079	1,55387	0,803367	1,0605
8400	1,18777	0,647467	0,8437	1,11513	0,5028	0,733667	1,6164	0,771667	1,07523
8500	1,21203	0,658667	0,856967	1,13943	0,5129	0,735567	1,5858	0,765267	1,0887
8600	1,21823	0,666033	0,858767	1,145	0,5179	0,754833	1,6199	0,853567	1,1235
8700	1,2354	0,6617	0,861333	1,1579	0,522733	0,734433	1,6216	0,884233	1,12187
8800	1,26537	0,6858	0,861333	1,17823	0,541467	0,762567	1,6297	0,8108	1,14853
8900	1,26377	0,6853	0,883733	1,19207	0,533333	0,780767	1,6498	1,14453	1,15533
9000	1,2859	0,693767	0,892967	1,2091	0,5342	0,786967	1,68467	0,855533	1,16827
9100	1,29963	0,720033	0,924333	1,22777	0,549033	0,8084	1,7282	0,8719	1,18927
9200	1,32027	0,708433	0,913933	1,2782	0,569567	0,786533	1,72603	0,836033	1,1935
9300	1,32707	0,7101	0,9309	1,24613	0,578867	0,816767	1,7584	0,949667	1,21553
9400	1,34083	0,7402	0,937133	1,28643	0,587867	0,820233	1,8301	0,927533	1,21193
9500	1,36397	0,742033	0,948767	1,27067	0,569467	0,824267	1,78687	0,977033	1,25327
9600	1,36413	0,738567	0,9542	1,28653	0,5671	0,8348	1,8249	0,9203	1,25647
9700	1,40587	0,755067	0,9765	1,32633	0,607733	0,8546	1,82813	0,933067	1,27493
9800	1,4033	0,7709	0,973	1,31697	0,581733	0,8671	1,85733	0,956833	1,2838
9900	1,422	0,781333	0,9909	1,34977	0,6059	0,869367	1,86507	0,990333	1,2998
10000	1,43933	0,7754	0,9813	1,36007	0,614333	0,891233	1,92283	0,961733	1,3251
10100	1,4591	0,7823	1,00953	1,3642	0,6165	0,8891	1,91773	1,00497	1,34087
10200	1,48457	0,81	1,0782	1,40167	0,636767	0,943233	1,96253	1,07197	1,3528
10300	1,496	0,790733	1,05967	1,3952	0,6156	0,968333	1,9669	1,06197	1,38347
10400	1,5041	0,8155	1,04803	1,4179	0,6427	0,913233	2,0023	1,0071	1,40563
10500	1,5474	0,838233	1,07327	1,4537	0,653067	0,951733	2,04827	1,056	1,42403
10600	1,53983	0,827733	1,08187	1,44737	0,654933	0,936667	2,022	0,996833	1,39973
10700	1,55863	0,830767	1,07737	1,4774	0,627167	0,959333	2,0981	1,1101	1,4437
10800	1,5844	0,850433	1,09057	1,4743	0,636467	0,9563	2,06707	1,0789	1,42047
10900	1,5847	0,863067	1,11017	1,49147	0,660767	0,979567	2,0894	1,0883	1,45523
11000	1,60843	0,866	1,11067	1,50547	0,680133	1,0137	2,1219	1,0401	1,49043
11100	1,61443	0,869233	1,12463	1,52913	0,686567	0,971433	2,11473	1,01943	1,49177
11200	1,63813	0,861	1,12227	1,54317	0,6859	0,979333	2,1439	1,20763	1,50467
11300	1,64693	0,876467	1,1468	1,5689	0,687	1,02453	2,16427	1,138	1,5126
11400	1,65937	0,900933	1,14673	1,5632	0,704767	0,997933	2,21577	1,14263	1,515
11500	1,68187	0,930833	1,2029	1,61987	0,699367	1,06277	2,2613	1,18057	1,57733
11600	1,72687	0,9262	1,2029	1,62307	0,737967	1,03843	2,28067	1,12393	1,57883
11700	1,7483	0,941667	1,1923	1,61273	0,7215	1,05403	2,25743	1,16807	1,5783
11800	1,72957	0,925833	1,1722	1,62683	0,722467	1,03437	2,27907	1,1441	1,57947
11900	1,74637	0,9335	1,216	1,651	0,7433	1,07013	2,29443	1,12963	1,6008
12000	1,7635	0,970233	1,24693	1,64803	0,745167	1,08123	2,33503	1,21083	1,61087
12100	1,76843	0,9571	1,26023	1,6697	0,761633	1,0938	2,33087	1,2176	1,6485
12200	1,794	0,984133	1,24443	1,67647	0,7768	1,0853	2,38953	1,17453	1,64603
12300	1,81907	0,9746	1,26577	1,69827	0,749667	1,1063	2,3731	1,2466	1,66683
12400	1,8281	0,9828	1,26793	1,7105	0,7565	1,1025	2,42483	1,31973	1,68613
12500	1,82867	0,975533	1,29287	1,72733	0,787333	1,133	2,43177	1,223	1,6858
12600	1,8542	0,992033	1,27083	1,7417	0,951533	1,12543	2,43623	1,2006	1,70527
12700	1,85387	0,999133	1,31253	1,7418	0,7952	1,14217	2,47273	1,30683	1,72513
12800	1,8888	1,0104	1,3111	1,77993	0,792967	1,14673	2,48757	1,45217	1,73467
12900	1,9092	1,0114	1,32063	1,78887	0,7834	1,15973	2,50553	1,2884	1,75057
13000	1,92567	1,02533	1,3256	1,80837	0,7886	1,16267	2,54917	1,4052	1,8203
13100	1,93687	1,0307	1,34003	1,82447	0,7998	1,15973	2,53807	1,39367	1,7788
13200	1,94287	1,05707	1,34733	1,84863	0,839733	1,17387	2,5775	1,31403	1,79733
13300	1,96647	1,05503	1,37097	1,8508	0,844633	1,20403	2,5929	1,4595	1,7992
13400	1,98133	1,0447	1,36677	1,8629	0,8314	1,20723	2,60513	1,34983	1,81393
13500	1,98747	1,07237	1,38107	1,92677	0,872333	1,22413	2,63767	1,3765	1,8303
13600	2,02013	1,07483	1,40883	1,88897	0,8531	1,21567	2,67693	1,3466	1,87227
13700	2,0315	1,0708	1,3976	1,91927	0,863967	1,21137	2,69027	1,32547	1,8767
13800	2,04683	1,09483	1,40967	1,93447	0,865567	1,41693	2,70423	1,3834	1,89263
13900	2,06807	1,09487	1,43813	2,0426	0,884267	1,27577	2,70883	1,31807	1,9119
14000	2,08213	1,1142	1,44697	2,27757	0,872267	1,2651	2,77543	1,48637	1,92493
14100	2,10083	1,12657	1,4568	1,9935	0,8878	1,2855	2,78643	1,47873	1,9587
14200	2,1346	1,11577	1,48197	2,00543	0,8968	1,28907	2,8257	1,46407	1,98063
14300	2,1518	1,12567	1,46867	2,03497	0,928033	1,31643	2,90393	1,44557	1,99733
14400	2,16473	1,1473	1,4874	2,05393	0,911833	1,3106	2,8304	1,49743	1,97567
14500	2,1749	1,1598	1,50543	2,03863	0,921233	1,32027	2,88673	1,48203	2,1012
14600	2,2696	1,198	1,59167	2,17207	0,943	1,38557	2,88933	1,41463	2,0287
14700	2,21177	1,18533	1,50453	2,08963	0,933067	1,34123	2,89087	1,56843	2,03727
14800	2,2369	1,16413	1,5136	2,09953	0,919167	1,327	2,95787	1,383	2,05177
14900	2,22103	1,1713	1,5647	2,114	0,9227	1,35663	2,943	1,50143	2,0507
15000	2,22347	1,18193	1,548	2,12263	0,926067	1,3465	2,95447	1,54677	2,05863
15100	2,26323	1,17453	1,5665	2,14367	0,906467	1,43337	2,9903	1,5999	2,08803
15200	2,29907	1,21043	1,58033	2,15507	0,939967	1,40207	3,00453	1,55733	2,10133
15300	2,28993	1,20347	1,58773	2,15827	0,938133	1,38663	3,026	1,61697	2,11933
15400	2,31807	1,21367	1,60763	2,18197	0,976067	1,41857	3,07293	1,54437	2,14327
15500	2,3225	1,22607	1,6214	2,18213	0,971	1,4292	3,07233	1,59997	2,16177
15600	2,33627	1,24023	1,6167	2,2042	0,992867	1,4153	3,0882	1,61277	2,15013
15700	2,3608	1,28153	1,62527	2,23083	1,0148	1,4051	3,10927	1,66667	2,1985
15800	2,3751	1,2503	1,63547	2,2397	0,9812	1,44363	3,15353	1,59797	2,1905
15900	2,3941	1,26627	1,63747	2,26367	0,994133	1,45263	3,15133	1,69053	2,20593
16000	2,40283	1,28013	1,6541	2,27177	1,0224	1,54823	3,22447	1,72323	2,22067
16100	2,42873	1,27487	1,66073	2,29577	0,997533	1,49073	3,23427	1,58697	2,2387
16200	2,4365	1,28677	1,7075	2,2989	1,003	1,4806	3,23393	1,70167	2,25593
16300	2,4621	1,29733	1,69007	2,30327	1,0017	1,48147	3,27713	1,7179	2,32593
16400	2,50217	1,3225	1,68927	2,3287	1,0631	1,48917	3,26383	1,6772	2,28963
16500	2,48257	1,30807	1,72693	2,3344	1,03507	1,50847	3,31827	1,6756	2,27027
16600	2,4946	1,33627	1,68227	2,35773	1,05263	1,50327	3,32123	1,79367	2,3158
16700	2,51353	1,33307	1,74367	2,38073	1,0573	1,52953	3,31643	1,90857	2,315
16800	2,53863	1,3608	1,75187	2,3963	1,0771	1,54683	3,35323	1,78313	2,3791
16900	2,5762	1,3883	1,87913	2,5286	1,11493	1,6461	3,55863	1,767	2,48037
17000	2,69043	1,40583	1,84367	2,4245	1,0602	1,55757	3,40347	1,71713	2,3763
17100	2,62607	1,3992	1,8133	2,44523	1,12167	1,60953	3,41437	1,80623	2,41433
17200	2,6114	1,36267	1,78163	2,45103	1,05703	1,55883	3,44533	1,72923	2,4054
17300	2,62957	1,40247	1,95453	2,47263	1,11833	1,5999	3,4686	1,7375	2,40773
17400	2,62123	1,38127	1,819	2,46797	1,0937	1,58093	3,5117	1,87693	2,45423
17500	2,65967	1,4156	1,80557	2,49663	1,1306	1,6214	3,525	1,95667	2,45957
17600	2,68677	1,4125	1,84503	2,52103	1,112	1,61313	3,6288	1,83713	2,4663
17700	2,6748	1,41653	1,83007	2,55237	1,12287	1,62137	3,54273	1,98487	2,47663
17800	2,6945	1,42577	1,8675	2,55377	1,1112	1,64373	3,59647	1,74687	2,50497
17900	2,71147	1,45933	1,87767	2,55703	1,15877	1,6621	3,61377	1,91343	2,54773
18000	2,7355	1,43417	1,89563	2,57183	1,16543	1,64347	3,6785	1,70977	2,5479
18100	2,756	1,4315	1,86047	2,6008	1,14563	1,6567	3,64277	1,8739	2,54577
18200	2,77067	1,4857	1,916	3,0452	2,4763	1,73953	3,72607	1,9749	2,59777
18300	2,8198	1,48457	1,91747	2,63907	1,19527	1,70307	3,69977	1,9458	2,57463
18400	2,83313	1,47567	1,94447	2,67877	1,1483	1,67097	3,72283	1,9433	2,5821
18500	2,80463	1,48177	1,94757	2,67993	1,18103	1,72367	3,72983	1,86967	2,60113
18600	2,8284	1,47903	1,93907	2,66333	1,18783	1,70567	3,73137	1,93327	2,71157
18700	2,84697	1,52937	2,0211	2,73443	1,24143	1,76527	3,88013	2,07783	2,70013
18800	2,93353	1,5496	1,9951	2,76723	1,20973	1,7504	3,8844	2,0042	2,7068
18900	2,9344	1,55573	2,01193	2,796	1,25597	1,7738	3,8428	2,15217	2,75127
19000	2,96677	1,56867	2,03403	2,81487	1,2351	1,83257	3,95483	2,02077	2,74817
19100	2,98583	1,59937	2,04413	2,8215	1,2661	1,82207	3,98813	2,07583	2,7806
19200	3,00597	1,5735	2,0841	2,8136	1,2116	1,83067	3,94527	2,06447	2,79957
19300	3,0177	1,6165	2,36833	2,8599	1,2179	1,8112	3,8977	2,0064	2,74077
19400	2,98887	1,59257	2,0518	2,80023	1,23863	1,80147	3,9437	1,9929	2,76027
19500	2,983	1,5835	2,06667	2,8101	1,2591	1,82333	3,98157	2,0885	2,78177
19600	3,02023	1,55553	2,07527	2,8142	1,19857	1,81617	4,16623	2,13867	2,7933
19700	3,01503	1,5602	2,04277	2,85107	1,2747	1,8174	4,00413	2,16853	2,81417
19800	3,0506	1,5821	2,06227	2,87817	1,23737	1,8847	4,021	2,0699	2,78817
19900	3,06087	1,5996	2,08283	2,8962	1,25727	1,87523	4,04347	2,19837	2,81823
20000	3,06467	1,6206	2,0992	2,901	1,2657	1,85287	4,07627	2,18293	2,8475
20100	3,0779	1,6192	2,10307	2,9042	1,25957	1,878	4,35457	2,2723	2,87253
20200	3,1025	1,6184	2,12087	2,9319	1,31497	1,86113	4,08503	2,10937	2,8587
20300	3,1143	1,65627	2,19583	2,93657	1,29893	1,85383	4,1276	2,03373	2,86927
20400	3,15263	1,63383	2,1298	2,94923	1,2934	1,8881	4,14897	2,1151	2,90367
20500	3,15713	1,6496	2,14817	2,9797	1,33157	1,9404	4,1896	2,2104	2,91623
20600	3,1629	1,66067	2,15327	2,9989	1,31113	1,90547	4,2006	2,21333	2,9489
20700	3,1957	1,6682	2,1591	2,99947	1,3129	1,9583	4,2237	2,0447	2,9327
20800	3,19987	1,7176	2,2078	3,02767	1,3298	1,9522	4,25903	2,1011	2,97883
20900	3,2246	1,6681	2,20083	3,0415	1,32627	1,93533	4,3647	2,29557	2,976
21000	3,2357	1,70427	2,25073	3,0844	1,35003	2,0365	4,51713	2,30573	3,07913
21100	3,34097	1,7013	2,2532	3,11947	1,2825	1,9868	4,3019	2,3398	3,00477
21200	3,29333	1,70047	2,27573	3,11343	1,3836	1,99777	4,38223	2,09143	3,05463
21300	3,26907	1,71673	2,244	3,1028	1,37117	1,95887	4,3421	2,2445	3,04307
21400	3,32613	1,74297	2,26873	3,14953	1,35153	2,02753	4,4276	2,4038	3,09957
21500	3,3241	1,7653	2,28707	3,12567	1,40463	1,99323	4,39213	2,21753	3,05777
21600	3,3329	1,73923	2,23903	3,1528	1,40647	1,9848	4,44803	2,1949	3,12487
21700	3,36687	1,7342	2,2783	3,1656	1,38727	2,01603	4,45573	2,21433	3,1075
21800	3,36537	1,79393	2,3353	3,18173	1,38443	2,07133	4,47717	2,41643	3,11747
21900	3,40803	1,7972	2,31173	3,2009	1,38437	2,076	4,50343	2,29833	3,1258
22000	3,4117	1,80863	2,3702	3,21183	1,43067	2,04223	4,49767	2,3685	3,1434
22100	3,40573	1,81963	2,30547	3,23223	1,43323	2,042	4,51403	2,3746	3,17907
22200	3,43373	1,7795	2,3534	3,25063	1,44057	2,04487	4,56103	2,42343	3,20533
22300	3,44597	1,77833	2,3691	3,2381	1,44517	2,08283	4,59247	2,41803	3,18513
22400	3,4692	1,84157	2,41093	3,26487	1,43793	2,096	4,59873	2,31123	3,23707
22500	3,4872	1,82263	2,3627	3,29853	1,45757	2,1165	4,63267	2,37597	3,24493
22600	3,50407	1,82873	2,3951	3,47593	1,4815	2,12273	4,68727	2,36917	3,26357
22700	3,52677	1,84887	2,43743	3,32597	1,4413	2,41327	4,69293	2,40037	3,27333
22800	3,5309	1,79617	2,40513	3,3455	1,44577	2,12767	4,71227	2,33287	3,32557
22900	3,562	1,85027	2,43897	3,36553	1,4732	2,13617	4,69213	2,52587	3,31467
23000	3,5577	1,85663	2,41847	3,3728	1,47183	2,1406	4,74483	2,56293	3,34437
23100	3,5793	1,8754	2,4829	3,38237	1,50563	2,17197	4,73547	2,51277	3,31913
23200	3,59037	1,92797	2,4472	3,37557	1,48613	2,13733	4,80733	2,37273	3,33053
23300	3,63953	1,90467	2,47953	3,4114	1,52967	2,1875	4,826	2,616	3,33833
23400	3,634	1,94247	2,50443	3,42997	1,5544	2,21453	4,85747	2,6892	3,37863
23500	3,65087	1,9103	2,52257	3,45077	1,5504	2,20627	4,8349	2,46763	3,38737
23600	3,6541	1,90657	2,5544	3,45413	1,5344	2,2175	4,95987	2,6734	3,40907
23700	3,71217	1,9305	2,55733	3,48357	1,511	2,21783	4,90163	2,49763	3,4293
23800	3,7046	1,9374	2,56277	3,5038	1,55313	2,23277	4,9861	2,45393	3,47417
23900	3,71763	1,9634	2,5596	3,5092	1,54257	2,2119	4,9398	2,64703	3,47523
24000	3,73103	1,92417	2,5558	3,52623	1,5424	2,223	4,9848	2,62423	3,48007
24100	3,78347	1,9297	2,56193	3,55533	1,56477	2,24217	4,96667	2,54053	3,45763
24200	3,76627	1,96263	2,5965	3,53583	1,5709	2,27673	5,02343	2,54293	3,47577
24300	3,80933	1,94447	2,56093	3,6011	1,54427	2,2933	5,03923	2,639	3,50043
24400	3,82523	1,98333	2,59173	3,59597	1,58057	2,2985	5,04197	2,82927	3,51387
24500	3,83347	2,00287	2,6091	3,59363	1,61423	2,25913	5,0592	2,95743	3,5532
24600	3,8409	2,02333	2,62147	3,63753	1,53507	2,3471	5,11313	2,61787	3,58693
24700	3,856	2,05133	2,6392	3,64113	1,58883	2,33233	5,12853	2,80317	3,56647
24800	3,88103	2,0241	2,61367	3,8456	1,62327	2,35973	5,13077	2,6071	3,6087
24900	3,89547	2,0386	2,63067	3,66973	1,5786	2,3328	5,1825	2,56337	3,62977
25000	3,91603	2,0226	2,64673	3,68247	1,67097	2,31753	5,20473	2,72553	3,637
25100	3,90073	2,01497	2,68697	3,69953	1,6225	2,36237	5,23253	2,59023	3,68027
25200	3,91723	2,01863	2,69233	3,7025	1,62783	2,40107	5,26943	2,6712	3,6746
25300	3,97283	2,05393	2,70503	3,75153	1,67863	2,39693	5,2514	2,6903	3,66847
25400	3,97003	2,0921	2,79543	3,7482	1,69	2,4663	5,25757	2,83783	3,68403
25500	3,9922	2,09163	2,70927	3,7664	1,61463	2,41397	5,3089	2,77633	3,72297
25600	4,0016	2,09043	2,73623	3,77717	1,67327	2,4154	5,30853	2,71123	3,73797
25700	4,0298	2,1054	2,75057	3,8115	1,64153	2,41667	5,34157	2,70927	3,748
25800	4,0305	2,07557	2,71987	3,8066	1,67503	2,42753	5,3929	2,70997	3,79307
25900	4,05493	2,0926	2,78623	3,84483	1,67013	2,46803	5,40457	2,96123	3,75923
26000	4,1523	2,14007	2,76127	3,88267	1,6672	2,43773	5,44527	2,5928	3,79613
26100	4,07813	2,1304	2,8073	3,8696	1,72277	2,4726	5,42017	2,89033	3,82277
26200	4,10647	2,143	2,7971	3,85833	1,68237	2,45433	5,50977	2,90767	3,841
26300	4,16207	2,12367	2,99267	3,91807	1,70797	2,49417	5,5147	2,70897	3,8533
26400	4,14853	2,1281	2,83603	3,9066	1,71943	2,52033	5,49343	2,95973	3,87603
26500	4,1926	2,17473	2,86803	3,9611	1,67627	2,53333	5,5906	2,9041	3,89683
26600	4,17267	2,15833	2,82683	3,95593	1,7495	2,5816	5,5157	3,04453	3,88527
26700	4,2229	2,2021	2,86703	3,9591	1,7366	2,54953	5,54303	2,99197	3,94667
26800	4,22763	2,20593	2,85433	3,98837	1,72117	2,55153	5,57583	2,9734	3,92227
26900	4,24583	2,16813	2,89227	3,9904	1,7451	2,5389	5,70927	2,77333	3,92373
27000	4,27383	2,21723	2,86227	3,988	1,7595	2,4978	5,79583	3,06617	3,98763
27100	4,25793	2,21187	2,88807	4,06907	1,71537	2,58533	5,6955	2,99487	4,04127
27200	4,31437	2,2521	2,93433	4,04407	1,74233	2,6412	5,72937	2,85883	3,98863
27300	4,3028	2,22383	2,92267	4,07437	1,78623	2,59037	5,73167	2,89757	4,0152
27400	4,33767	2,2343	2,9201	4,0541	1,76167	2,60877	5,72973	3,11757	4,05477
27500	4,31933	2,2472	2,96017	4,10123	1,76257	2,61963	5,7266	2,93067	4,01807
27600	4,36177	2,2461	2,96897	4,10143	1,80633	2,64813	5,7633	2,86603	4,0658
27700	4,37523	2,309	2,99407	4,13433	1,82103	2,64703	5,80737	3,0269	4,0557
27800	4,40793	2,2548	3,00603	4,15637	1,82343	2,62523	5,8508	2,9506	4,05743
27900	4,4128	2,25777	2,9775	4,13727	1,77983	2,6414	5,82863	2,9509	4,11483
28000	4,4135	2,3268	3,02593	4,162	1,8516	2,697	5,94693	3,0759	4,1034
28100	4,5342	2,3431	3,01537	4,21113	1,88913	2,68683	5,9159	2,91027	4,13527
28200	4,4357	2,27463	3,02257	4,1645	1,83677	2,65027	5,94243	2,9897	4,14447
28300	4,4694	2,33007	3,0451	4,21273	1,85597	2,6753	5,97857	3,0382	4,17617
28400	4,51453	2,36717	3,0674	4,23413	1,85623	2,7144	6,05697	3,01253	4,20743
28500	4,57433	2,33107	3,08797	4,2595	1,84513	2,70477	6,02163	2,86423	4,1883
28600	4,51017	2,32533	3,08057	4,25963	1,87327	2,7319	6,02967	3,00467	4,20413
28700	4,5501	2,37357	3,04677	4,2922	1,91893	2,88763	6,0367	3,29	4,2344
28800	4,54443	2,35937	3,09297	4,27757	1,8715	2,69513	6,00553	3,19773	4,31063
28900	4,57673	2,40403	3,07547	4,34227	1,93453	2,76127	6,06057	3,28897	4,26343
29000	4,56833	2,38383	3,16833	4,3414	1,91587	2,78747	6,1371	3,17713	4,30063
29100	4,64497	2,39993	3,11807	4,34917	1,898	2,77687	6,1389	3,78053	4,2901
29200	4,60267	2,41197	3,12183	4,3515	1,9379	2,80073	6,12023	3,30793	4,30167
29300	4,6299	2,40533	3,22983	4,3776	1,88153	2,8479	6,21203	3,19837	4,31517
29400	4,83293	2,47043	3,2097	4,4017	1,90983	2,8951	6,26117	3,20863	4,3222
29500	4,6834	2,40437	3,15727	4,43043	1,89817	2,7861	6,2334	3,20557	4,3932
29600	4,69103	2,41317	3,24683	4,45427	1,97787	2,84687	6,28237	3,2421	4,37357
29700	4,72567	2,4319	3,23167	4,48157	1,91777	2,8451	6,29853	3,28557	4,39167
29800	4,72713	2,4796	3,2156	4,46607	1,93753	2,93233	6,2524	3,03607	4,39863
29900	4,752	2,4372	3,224	4,48433	1,9413	2,87143	6,26273	3,31123	4,4487
30000	4,7682	2,4806	3,2811	4,5062	1,9542	2,99883	6,37833	3,28797	4,4255
30100	4,8029	2,48777	3,23153	4,51877	2,0249	2,89883	6,34513	3,3009	4,43527
30200	4,78473	2,47233	3,25783	4,56577	1,9474	2,91443	6,36	3,2444	4,4653
30300	4,80803	2,49347	3,2789	4,51747	1,9795	2,90097	6,3958	3,33237	4,4952
30400	4,84707	2,48573	3,2654	4,58553	1,9725	2,897	6,39173	3,5686	4,52393
30500	4,87793	2,51213	3,31117	4,58537	2,00267	2,86657	6,45903	3,2908	4,50943
30600	4,86563	2,50703	3,30113	4,5814	1,96357	2,87777	6,4644	3,29597	4,54187
30700	4,89417	2,53363	3,29807	4,61913	2,04237	2,94213	6,50587	3,51293	4,5408
30800	4,91617	2,5182	3,30357	4,63797	2,04913	2,93867	6,51743	3,43307	4,57813
30900	4,92967	2,55027	3,4941	4,8271	2,01613	3,00337	6,51937	3,43487	4,54407
31000	5,0265	2,55233	3,38397	4,67753	2,03743	2,96417	6,59977	3,22933	4,58253
31100	5,15217	2,58697	3,35207	4,6867	2,01667	2,939	6,59047	3,35067	4,6276
31200	4,97207	2,5784	3,39287	4,69277	2,0232	3,00233	6,69043	3,3239	4,63367
31300	5,02747	2,56413	3,3751	4,69793	2,06427	2,99963	6,66783	3,507	4,68957
31400	5,0299	2,57683	3,3947	4,7392	2,10947	2,95603	6,69257	3,42317	4,65863
31500	5,06153	2,54237	3,4417	4,75193	2,01947	2,98673	6,6897	3,37423	4,6497
31600	5,0407	2,5853	3,41797	4,75533	2,0006	3,0063	6,6808	3,76093	4,6824
31700	5,067	2,5969	3,42647	4,81477	2,08717	3,0226	6,7125	3,54523	4,70363
31800	5,0589	2,5618	3,43727	4,79863	2,08483	3,0478	6,7433	3,6362	4,72563
31900	5,12157	2,70003	3,4832	4,79703	2,17813	3,07407	6,74617	3,40897	5,13277
32000	5,14027	2,66937	3,48687	4,8608	2,127	3,0858	6,8051	3,44963	4,7309
32100	5,1272	2,78953	3,4954	4,83773	2,03363	3,11653	6,81443	3,38203	4,7952
32200	5,17153	2,6445	3,4594	4,87687	2,157	3,08977	6,79283	3,44057	4,79997
32300	5,15733	2,64703	3,4951	4,87293	2,1101	3,11667	6,91227	3,60947	4,79453
32400	5,2405	2,6477	3,5136	4,92213	2,09953	3,1297	6,8829	3,4933	4,81047
32500	5,2186	2,64787	3,53727	4,90803	2,14487	3,1171	7,06573	3,70663	4,8346
32600	5,20643	2,69653	3,56223	4,94637	2,1275	3,1651	6,96297	3,50827	4,8557
32700	5,22713	2,72717	3,56873	4,94093	2,1498	3,14813	7,11243	3,6851	4,86147
32800	5,25943	2,72987	3,53423	4,9435	2,23503	3,13747	6,97107	3,7301	4,83833
32900	5,26667	2,71247	3,5888	4,98107	2,17837	3,17097	7,048	3,4846	4,89573
33000	5,28553	2,7451	3,58837	4,98323	2,18987	3,15903	7,03767	3,60343	4,88737
33100	5,29087	2,76983	3,62427	5,00807	2,1868	3,19737	7,03627	3,56107	4,94843
33200	5,31423	2,7706	3,61863	5,0208	2,1823	3,24187	7,11333	3,57407	4,97043
33300	5,3398	2,7962	3,5888	5,01963	2,1719	3,20833	7,0754	3,5829	4,97477
33400	5,34597	2,77817	3,5818	5,01847	2,25957	3,1827	7,1282	3,37743	4,94237
33500	5,4199	2,738	3,63187	5,14427	2,185	3,1609	7,1548	3,8103	4,96553
33600	5,3889	2,7827	3,98283	5,08003	2,25427	3,19887	7,30043	3,6871	5,03197
33700	5,40263	2,79657	3,6337	5,0801	2,26647	3,209	7,21297	3,84163	4,99293
33800	5,41243	2,78393	3,6507	5,111	2,23017	3,28817	7,23277	3,89	5,0559
33900	5,42493	2,78987	3,68893	5,13407	2,27703	3,3127	7,21597	3,66537	5,06723
34000	5,45247	2,80897	3,71293	5,19387	2,2316	3,3025	7,24147	3,87853	5,19137
34100	5,46477	2,83213	3,74613	5,1603	2,26067	3,27267	7,31667	3,55777	5,08073
34200	5,53743	2,84027	3,70563	5,20437	2,3038	3,3087	7,2562	3,9434	5,08443
34300	5,5366	2,93883	3,7933	5,2473	2,2793	3,29343	7,32497	3,71207	5,11103
34400	5,5217	2,88983	3,7558	5,2297	2,2753	3,2602	7,42567	3,79593	5,17933
34500	5,5265	2,8811	3,752	5,2291	2,2638	3,27727	7,38593	3,80703	5,12873
34600	5,60093	2,8699	3,6847	5,2705	2,33073	3,3189	7,40897	3,61983	5,13997
34700	5,5532	2,87657	3,72417	5,4228	2,29697	3,31843	7,38407	4,10417	5,16353
34800	5,6257	2,847	3,76283	5,2654	2,22387	3,34653	7,45787	3,87013	5,2208
34900	5,61723	2,9294	3,81563	5,30143	2,30673	3,36357	7,45907	3,89983	5,18867
35000	5,6493	2,90157	3,79483	5,31897	2,31727	3,3087	7,4794	4,0022	5,17687
35100	5,61233	2,8846	3,76823	5,3053	2,31773	3,3701	7,63173	3,78177	5,2482
35200	5,6716	2,90097	3,8391	5,34957	2,3577	3,44307	7,85383	4,18253	5,2436
35300	5,7162	2,97307	3,86617	5,37203	2,263	3,37053	7,5701	3,81123	5,24273
35400	5,72973	2,9001	3,84677	5,42657	2,3155	3,39693	7,5773	3,92253	5,26377
35500	5,72057	2,9641	3,84153	5,36987	2,52123	3,38457	7,66093	4,17277	5,26277
35600	5,7493	2,934	3,80367	5,45223	2,34427	3,41387	7,6095	3,9615	5,3176
35700	5,7489	2,9709	3,85417	5,43697	2,32137	3,41133	7,63833	3,93337	5,35707
35800	5,77643	3,0076	3,85277	5,44833	2,35543	3,44143	7,72237	4,12363	5,37773
35900	5,8075	3,01497	3,8872	5,4658	2,4451	3,39417	7,7331	4,13833	5,35187
36000	5,8175	3,03357	3,90067	5,53433	2,36103	3,46633	7,77453	3,9495	5,4014
36100	5,86123	2,97907	3,90853	5,7069	2,30543	3,5519	7,71577	3,8857	5,35727
36200	5,83643	3,00303	3,94537	5,50943	2,41857	3,499	7,7393	3,9013	5,37347
36300	5,88703	3,01347	3,91573	5,51923	2,3808	3,52127	7,84833	4,30673	5,47377
36400	5,8741	3,05097	3,93377	5,51667	2,39707	3,42927	7,83327	4,07687	5,39613
36500	5,92903	3,06823	3,9758	5,60887	2,39883	3,49857	7,82903	3,96223	5,56887
36600	5,90303	3,09787	3,992	5,5666	2,44963	3,5168	7,8492	3,9707	5,4604
36700	5,9448	3,0544	3,95007	5,59457	2,42883	3,47367	7,90333	4,03647	5,4714
36800	5,95463	3,10087	4,046	5,62287	2,42467	3,57663	7,89473	4,2605	5,4893
36900	5,9807	3,12507	4,0259	5,61333	2,4377	3,5625	7,9279	4,34713	5,5134
37000	6,02223	3,0767	4,0418	5,64377	2,4535	3,53483	8,0349	4,33703	5,52003
37100	6,02293	3,11597	3,99627	5,6747	2,45317	3,52953	7,98643	4,23673	5,5259
37200	6,04467	3,09647	3,99337	5,6758	2,4781	3,555	7,99073	4,30337	5,53773
37300	6,0391	3,10973	4,0108	5,71637	2,51027	3,6015	8,01493	4,03793	5,5386
37400	6,07207	3,1378	4,0625	5,7117	2,4827	3,66097	8,04843	4,23123	5,5614
37500	6,0648	3,1203	4,06937	5,73703	2,4765	3,64347	8,1807	4,22183	5,5922
37600	6,1105	3,1087	4,04437	5,75477	2,52823	3,5912	8,0723	4,15727	5,59513
37700	6,10927	3,14663	4,0714	5,7703	2,52423	3,62423	8,1181	4,1781	5,5808
37800	6,20487	3,21047	4,11483	5,7678	2,52567	3,61093	8,23333	4,21883	5,63197
37900	6,14853	3,1666	4,1133	5,8015	2,4697	3,82343	8,16887	4,09647	5,6372
38000	6,133	3,1303	4,09973	5,7922	2,5371	3,65383	8,23887	4,33577	5,69103
38100	6,16403	3,1835	4,10893	5,80243	2,4915	3,68213	8,24183	4,41203	5,70197
38200	6,17933	3,1817	4,13147	5,8528	2,54277	3,64747	8,25113	4,1537	5,68137
38300	6,30317	3,24127	4,2899	5,8714	2,574	3,66707	8,29197	4,34233	5,72017
38400	6,21957	3,23807	4,17227	5,8525	2,5505	3,71123	8,28853	4,20677	5,7098
38500	6,24907	3,2029	4,11413	5,9399	2,55977	3,67233	8,30027	4,39107	5,70873
38600	6,2595	3,21317	4,12827	5,9088	2,55023	3,69667	8,31967	4,20233	5,76197
38700	6,28897	3,23833	4,1481	5,9032	2,6467	3,67043	8,3217	4,42267	5,7797
38800	6,32983	3,2133	4,1599	5,95923	2,58123	3,6528	8,42597	4,53867	5,7772
38900	6,30097	3,2337	4,17233	5,9715	2,5563	3,75817	8,36213	4,35553	5,77167
39000	6,33207	3,2422	4,2219	5,96187	2,59567	3,73107	8,4348	4,5568	5,851
39100	6,38457	3,20677	4,2361	6,00293	2,58437	3,70427	8,4376	4,32087	5,8215
39200	6,37997	3,28807	4,257	6,00913	2,5822	3,79897	8,93543	4,48787	6,0342
39300	6,36207	3,27437	4,29383	5,9952	2,60317	3,7426	8,51363	4,27543	5,86507
39400	6,3925	3,3053	4,27967	6,01713	2,6456	3,8127	8,55887	4,3601	5,8963
39500	6,3943	3,26463	4,2479	6,0296	2,6431	3,77073	8,5857	4,57103	5,91317
39600	6,46217	3,28433	4,44107	6,0673	2,51347	3,8455	8,5297	4,4794	5,89367
39700	6,452	3,28087	4,3815	6,10413	2,6186	3,76967	8,60573	4,7657	5,91497
39800	6,48543	3,33737	4,2988	6,12153	2,63727	3,8155	8,68183	4,645	5,90423
39900	6,46677	3,3102	4,3216	6,14037	2,6957	3,86977	8,75827	4,595	6,33147
40000	6,5406	3,32713	4,4174	6,16027	2,649	3,81003	8,6354	4,68347	6,04307
40100	6,508	3,39457	4,3765	6,11123	2,6949	3,85647	8,72173	4,7747	5,96077
40200	6,51403	3,38467	4,29653	6,1872	2,71883	3,85357	8,6763	4,85303	6,00807
40300	6,54417	3,4617	4,3371	6,16433	2,71577	3,90447	8,79277	4,7375	6,04163
40400	6,60243	3,40783	4,37283	6,30793	2,7531	3,87997	8,7945	4,5187	6,03817
40500	6,57627	3,53043	4,4754	6,22373	2,70823	3,86617	8,85923	4,62437	6,0404
40600	6,61887	3,35583	4,43307	6,24567	2,64613	3,93597	8,79183	4,3501	6,02857
40700	6,63553	3,3669	4,31123	6,28027	2,68823	3,8934	8,76533	4,47587	6,05
40800	6,6419	3,45827	4,367	6,25003	2,77623	3,86893	8,85343	4,78067	6,0878
40900	6,66007	3,41487	4,4547	6,25717	2,7286	3,95247	8,84993	4,48423	6,07637
41000	6,68077	3,38687	4,393	6,28797	2,74977	3,93077	8,92403	4,42793	6,08303
41100	6,71387	3,44077	4,45337	6,33933	2,78537	3,99113	8,96623	4,7457	6,1329
41200	6,76637	3,40657	4,4345	6,4084	2,7067	3,91697	8,96653	4,72843	6,1629
41300	6,7434	3,42823	4,3853	6,35017	2,72323	3,92033	9,0216	4,62087	6,17807
41400	6,75167	3,4537	4,4233	6,33447	2,8218	3,90727	9,02823	4,53497	6,17633
41500	6,77953	3,4947	4,49373	6,39343	2,74203	3,97163	9,01077	4,6168	6,21933
41600	6,7856	4,31997	4,9268	6,4119	2,8936	3,94093	9,0949	4,6775	6,1908
41700	6,78997	3,48657	4,4831	6,4061	2,74897	4,14583	9,05733	4,82413	6,2261
41800	6,85793	3,49403	4,51257	6,42143	2,76103	3,94037	9,0825	4,9102	6,22733
41900	6,82087	3,63713	4,5467	6,49463	2,79963	3,9724	9,1215	4,88823	6,23793
42000	6,8766	3,5251	4,50367	6,50077	2,85683	4,01473	9,1507	4,6269	6,45763
42100	6,87473	3,5326	4,51057	6,5011	2,81757	3,99557	9,09397	4,5838	6,25553
42200	6,92557	3,52167	4,58487	6,536	2,82823	4,0667	9,11493	4,9621	6,2927
42300	6,972	3,52033	4,57163	6,484	2,9193	4,05497	9,1572	5,03537	6,30737
42400	6,9152	3,53677	4,59187	6,57443	2,9104	4,05793	9,28363	4,8395	6,28773
42500	6,95573	3,54553	4,58947	6,5305	2,8393	4,1327	9,22553	4,67693	6,3281
42600	6,96037	3,54673	4,55587	6,5541	2,81233	4,05313	9,30467	4,71333	6,35923
42700	6,9974	3,59307	4,62023	6,60353	2,9107	4,05543	9,30443	4,9571	6,36317
42800	7,01577	3,64287	4,6243	6,72143	2,85697	4,1906	9,32583	4,81053	6,33033
42900	7,02197	3,5772	4,6008	6,7212	3,11367	4,1557	9,75887	5,0685	6,41723
43000	7,0328	3,61333	4,64587	6,66927	2,80223	4,13043	9,82743	4,84437	6,42713
43100	7,06263	3,83143	4,65467	6,69883	2,89067	4,07457	9,3353	5,12547	6,41077
43200	7,1288	3,59303	4,59017	6,7611	2,9105	4,1289	9,61817	4,85997	6,4857
43300	7,07817	3,62783	4,6461	6,71	2,92967	4,20027	9,63083	4,86547	6,45223
43400	7,11933	3,67623	4,6347	6,73023	2,93907	4,10183	9,4934	5,23833	6,4306
43500	7,20747	3,6077	4,64077	6,75117	2,8647	4,077	9,4994	4,9775	6,46607
43600	7,185	3,6677	4,66417	6,7272	2,946	4,20337	9,5288	5,01107	6,48127
43700	7,1918	3,65677	4,7778	6,83893	2,95817	4,1061	9,57327	5,1254	6,5013
43800	7,18933	3,6677	4,70167	6,79353	2,9486	4,11423	9,59667	4,68147	6,54963
43900	7,20757	3,66867	4,6299	6,83323	2,86653	4,14433	9,59627	4,9958	6,49597
44000	7,25483	3,7099	4,7514	6,8352	2,95987	4,2365	9,58037	5,00747	6,52313
44100	7,22663	3,93507	4,7188	6,80437	3,07933	4,28057	9,68493	4,9371	6,58337
44200	7,26023	3,7424	4,73307	6,88353	2,92177	4,19833	9,61957	5,07983	6,7448
44300	7,24807	3,72297	4,73517	6,8687	2,947	4,19723	9,76263	5,0474	6,56387
44400	7,41667	3,75293	4,74257	6,8681	3,0462	4,22487	9,86783	4,86307	6,59273
44500	7,32653	3,75237	4,74703	6,9091	3,05907	4,2504	9,7818	5,09337	6,5975
44600	7,33813	3,71333	4,7799	6,90157	3,00813	4,35737	9,72027	4,6353	6,5901
44700	7,36093	3,79353	4,754	6,94647	3,05393	4,22937	9,8013	5,05717	6,66837
44800	7,3228	3,7444	4,8396	7,00503	3,0243	4,34147	9,79293	4,82483	6,63493
44900	7,35727	3,8084	4,7242	6,9943	2,99803	4,24793	9,8849	4,77953	6,62
45000	7,4273	3,8232	4,7749	6,97163	3,03557	4,30157	9,81317	5,60177	6,6757
45100	7,43583	3,81983	4,79393	7,0317	3,0138	4,31447	9,85587	5,1105	6,65847
45200	7,46353	3,86377	4,78547	6,98817	3,0336	4,3151	10,0382	4,97197	6,80877
45300	7,4408	3,8125	4,72673	7,06177	3,0014	4,32673	9,91697	5,13097	6,6744
45400	7,48817	3,85227	4,8617	7,02947	3,02573	4,3608	9,93403	5,27417	6,68153
45500	7,54137	3,8187	4,98003	7,09433	3,09267	4,2885	10,0129	4,94353	6,74137
45600	7,58183	3,7908	4,84863	7,02803	3,05917	4,2886	9,97083	5,23217	6,7081
45700	7,58513	3,8592	4,84773	7,38303	3,06103	4,30267	10,0192	5,2717	6,81417
45800	7,53637	3,87153	4,88253	7,1212	3,06267	4,3648	10,1032	5,15937	6,7517
45900	7,629	3,87243	4,87897	7,28987	3,11377	4,3383	10,0565	5,53063	6,80513
46000	7,55093	3,90167	4,86047	7,14033	3,05807	4,31923	10,1071	5,1461	6,86557
46100	7,61607	3,9283	4,8954	7,19067	3,06567	4,38443	10,1676	5,47997	6,78073
46200	7,65983	3,94603	4,86383	7,14113	3,17447	4,3954	10,133	5,43183	6,80427
46300	7,62423	3,9228	4,9536	7,17037	3,08323	4,41467	10,1581	5,38377	6,95553
46400	7,65053	3,93103	4,90203	7,20037	3,113	4,3913	10,3169	5,11327	6,8206
46500	7,64683	3,83623	4,89317	7,2644	3,09637	4,415	10,1345	5,3661	6,82283
46600	7,7074	3,96863	4,8592	7,4005	3,11013	4,40127	10,2172	5,23973	6,88633
46700	7,70517	3,94207	4,9624	7,23633	3,1505	4,40737	10,2587	5,14947	6,82117
46800	7,7483	3,96483	4,87607	7,30923	3,15463	4,4456	10,2226	5,01763	6,86663
46900	7,73247	3,8962	4,8806	7,35747	3,17547	4,40817	10,2697	5,39653	6,91027
47000	7,7434	3,90707	4,8755	7,33877	3,1647	4,4271	10,4781	5,25707	6,871
47100	7,80237	4,024	4,98523	7,32293	3,2238	4,50303	10,2994	5,56823	6,89863
47200	7,77777	4,0319	4,95523	7,3243	3,2657	4,5056	10,4106	5,36493	6,9603
47300	7,81113	4,0056	4,96257	7,38243	3,27907	4,49283	10,3224	5,2814	7,03427
47400	7,90357	4,00133	5,0225	7,40013	3,23293	4,51477	10,5307	4,93783	6,96577
47500	7,863	4,025	4,91823	7,4398	3,18323	4,52637	10,4695	5,26713	6,9425
47600	7,88067	4,07607	4,88347	7,44643	3,21017	4,47067	10,5875	5,0764	6,9498
47700	8,53393	4,41567	4,94377	7,45347	3,2502	4,51693	10,5228	5,65203	7,02737
47800	7,8783	4,06017	4,93877	7,4297	3,2382	4,51787	10,4632	5,40257	6,9864
47900	7,89283	4,05743	5,0297	7,46927	3,1392	4,51737	10,4717	5,61623	6,96363
48000	7,93673	4,0758	4,94547	7,46417	3,25553	4,4433	10,5343	5,6409	7,11953
48100	7,92763	4,03697	4,9463	7,47283	3,31847	4,46697	10,6402	5,44057	6,9705
48200	7,9735	4,08087	4,96107	7,54957	3,30587	4,6119	10,5398	5,69287	6,96553
48300	7,98643	4,07263	4,9639	7,52833	3,19513	4,52917	10,6209	5,36137	7,0427
48400	8,01027	4,0329	4,91623	7,5458	3,29143	4,45453	10,6969	5,68243	7,0124
48500	8,01063	4,07413	5,0895	7,5627	3,3463	4,5243	10,6578	5,62973	7,12703
48600	8,07747	4,0609	4,9267	7,5767	3,2392	4,53237	10,6402	5,88687	7,0232
48700	8,0583	4,1345	5,02703	7,5807	3,7086	4,55367	10,6747	5,47927	7,04303
48800	8,09083	4,07367	4,9524	7,60177	3,3028	4,53223	10,8117	5,45703	7,01
48900	8,0712	4,15657	4,9652	7,56313	3,26633	4,56673	10,7826	5,4159	7,045
49000	8,14963	4,11697	4,8606	7,6271	3,29733	4,47023	10,7217	5,69547	6,99367
49100	8,15513	4,16273	4,90733	7,7628	3,4568	4,5264	10,8967	5,90387	6,9624
49200	8,1195	4,1428	4,87677	7,64327	3,26573	4,51343	10,8245	5,6004	6,9464
49300	8,16597	4,21997	4,80407	7,6502	3,37793	4,44657	10,901	5,7477	7,218
49400	8,20137	4,19907	4,77683	7,70917	3,3873	4,41943	10,9804	5,93667	6,94697
49500	8,20737	4,2159	4,80287	7,75107	3,4847	4,43383	10,9341	5,3236	6,97537
49600	8,3036	4,19763	4,73513	7,74713	3,43833	4,39243	10,9595	5,699	6,98063
49700	8,62267	4,15743	4,6223	7,75963	3,2866	4,24953	10,9683	6,11743	6,7209
49800	8,21657	4,2232	4,49423	7,73713	3,33487	4,06607	11,0809	5,68773	6,55843
49900	8,27177	4,2364	4,26353	7,8045	3,3278	3,60377	11,0243	5,71597	6,29537
50000	8,3322	4,1966	3,90163	7,87953	3,31383	2,92313	11,023	5,67303	5,33023
